Column,Value (1),Value (2),Value (3),Value (4),Value (5),Value (6),Value (7),Value (8),Value (9),Value (10)
id,6,8,2,9,10,5,4,1,7,3
name,Algoritmi distribuiți,Replicare și consistență,Modele arhitecturale,Toleranță la defectări,Consens și acord,Timpul în sistemele distribuite,Sisteme P2P,Introducere in sisteme distribuite,Sisteme distribuite (RMI),Comunicarea intre procese
content,"Algoritmi
• Sincronizare ceas (ex: Berkeley, Cristian)
• Consecvență (ex: Protocol 2PC)
• Consistența este acordul dintre mai multe noduri într-un sistem distribuit
sistem pentru a atinge o anumită valoare (distrib.db).
• Consens distribuit (ex: Paxos)
• Excluderea reciprocă (ex: Lamport)
• Accesul simultan al proceselor la o resursă partajată; variabile partajate
(semaforele) nu pot fi utilizate în distrib.syst. dar mesajul trece
• Alegerea liderului (Bully, Election Ring)","Toleranța la defectare prin replicare Replicarea obiectelor într-o rețea poate fi motivată:
pentru a crește siguranța și disponibilitatea datelor (reliability/availability - to avoid a single point-of-failure)
Reliability: If one replica is unavailable or crashes, use another – Protect against corrupted data
din motive de performanță (avoid “bottleneck”)
Performance: Scale with size of the distributed system (replicated web
servers) – Scale in geographically distributed systems (web proxies)
acces rapid la date (apropierea datelor de locul de prelucrare, evitarea întârzierilor din rețea)
""scalare orizontală"" – prin distribuirea, replicarea datelor și efectuarea calculelor în mai multe noduri ale rețelei (""scalare verticală"" - adăugare resurse hard suplimentare)Replicarea prelucrărilor
                                                                                                                                                                                Replicarea nu se referă doar la distribuirea datelor, ci și la distribuirea prelucrărilor: 
                                                                                                                                                                                replicarea afectează doar un set de date (nu întreaga bd)
                                                                                                                                                                                probleme de partiționare a datelor
                                                                                                                                                                                probleme de sincronizare - proces prin care se asigură capturarea, propagarea și reproducerea la ținte a actualizărilor de la surse
                                                                                                                                                                                prin sincronizare de la sursă nu se transmit datele propriu-zise ce se actualizează, ci se pot transmite operațiile ce trebuie executate la replici pentru a avea ca efect actualizarea.","Elemente arhitecturale
   • Procese - entitățile care comunică într-un sistem distribuit sunt de obicei procese cuplate cu paradigme adecvate de comunicare interprocese (noduri în rețelele de senzori); procesele sunt completate de fire de execuție - sunt punctele finale ale comunicării.
   • Obiecte - în abordările bazate pe obiecte distribuite, un calcul constă dintr-un număr de obiecte care interacționează reprezentând unități naturale de descompunere pentru domeniul de problemă dat. Obiectele sunt accesate prin interfețe, cu un limbaj de definire a interfeței asociat (sau IDL) care oferă o specificație a metodelor definite pe un obiect.
   • Componente - componenta software este o unitate de compoziție cu interfețe specificate contractual și dependențe de context explicite.
   • Servicii web - aplicație software identificată printr-un URI, ale cărei interfețe și legături pot fi definite, descrise și descoperite; acceptă interacțiuni directe cu alți agenți software prin protocoale bazate pe Internet. Paradigma de comunicare
                                                                                                                                                                                                                                        • comunicarea intraprocesuala
                                                                                                                                                                                                                                        – suport de nivel scăzut pentru comunicarea între procese din sistemele distribuite, inclusiv primitive de transmitere a mesajelor, acces direct la API-ul oferit de protocoalele Internet (programare socket) și suport pentru comunicare multicast.
                                                                                                                                                                                                                                        • invocare de la distanță","Vine, eroare, eșec
Fail (ro: eșec) - se spune că un sistem eșuează atunci când nu își poate îndeplini promisiunile. – O defecțiune a sistemului este un eveniment care are loc atunci când serviciul furnizat deviază
de la serviciul corect.
O eroare (ro: eroare) este o parte a stării unui sistem care poate duce la o defecțiune. – O eroare este acea parte a stării sistemului care poate cauza o defecțiune ulterioară: a
eșecul apare atunci când o eroare ajunge la interfața de serviciu și modifică serviciul.
Cauza unei erori se numește defecțiune (ro: defect).
– O defecțiune este cauza judecată sau ipotezată a unei erori. Este asociat cu a
notiunea de defect.
– O defecțiune provoacă inițial o eroare în starea uneia (sau a mai multor) componente, dar defecțiunea sistemului nu va apărea atâta timp cât eroarea nu ajunge la interfața de service a sistemului.
– Defecțiunea sistemului poate fi o defecțiune a straturilor înalte.","O problemă fundamentală în sistemele de calcul distribuite și multi-agent este de a obține fiabilitatea globală a sistemului în prezența unui număr de procese defecte.
• Acest lucru necesită adesea coordonarea proceselor pentru a ajunge la un consens sau pentru a conveni asupra unor valori ale datelor necesare în timpul calculului.
• Exemplele de aplicații ale consensului includ acordul asupra tranzacțiilor care să fie angajate într-o bază de date, în ce ordine, replicarea mașinii de stat și transmisiile atomice.
• Aplicațiile din lumea reală care necesită adesea consens includ cloud computing, sincronizarea ceasului, PageRank, formarea opiniei, rețelele electrice inteligente, estimarea stării, controlul UAV-urilor (și a mai multor roboți/agenți în general), echilibrarea sarcinii, blockchain și altele. Replicare
                                                                                                                                                                                                                                                                       • Sistemele informatice devin de obicei tolerante la erori prin replicare.
                                                                                                                                                                                                                                                                       • Prin replicarea unui serviciu pe mai multe servere ne asigurăm că, dacă unele replici eșuează, serviciul poate fi în continuare efectuat de nodurile operaționale.
                                                                                                                                                                                                                                                                       • Cu toate acestea, odată ce un serviciu este replicat, asigurarea coerenței între toate copiile nu este ușoară.","Make examinează timpii la care fișierele sursă și obiect au fost modificate Make urmăreste toate fisierele sursă pentru a afla care trebuie recompilate și apelează compilatorul pentru a le recompila
Normal:
Daca fisierul sursa input.c are timpul 2151 si fisierul obiect corespunzator are timpul 2150, make recunoaste faptul ca input.c a fost schimbat de cand input.o a fost creat, si astfel input.c trebuie recompilat. Daca output.c are timpul 2144 si output.o are timpul 2145, nu este necesara o recompilare
De-sicronizare:
Daca la timp scurt dupa timpul real 2144 output.c este modificat pe o masina cu ceas dat inapoi Make nu va apela compilatorul. Programul binar executabil rezultat va contine o mixtura de fisiere obiect de la sursele vechi si sursele noi. The global state of a distributed system is the union of the states of the individual processes.
                                                                                                                                                                                                                                              • Given that the processes of a distributed system do not share memory but instead communicate solely through the exchange of messages, a process that wishes to construct a global state must infer the remote components of that state through message exchanges.
                                                                                                                                                                                                                                              • Thus, a fundamental problem in distributed computing is to ensure that a global state constructed in this manner is meaningful.","Concepte ale principiului P2P
    • Auto-organizare, fără management central
    • Partajarea resurselor, de exemplu, fișiere
    • Pe baza colaborării voluntare (de exemplu, Wikipedia)
    • Semenii din P2P sunt toți egali (mai mult sau mai puțin)
    • Număr mare de colegi în rețea
        Rețelele P2P, ca și alte sisteme distribuite, trebuie să rezolve o problemă foarte complexă a informaticii: rezolvarea conflictelor sau acordul.
        Dacă două fapte incompatibile apar în același timp, sistemul trebuie să aibă reguli pentru a determina care fapt este considerat corect. Caracteristici P2P
    •Partajarea resurselor computationale prin interschimb direct si mai putin prin intermedieri oferite de o autoritate centralizata (server)
        - Serverele centralizate pot fi folosite insa pentru a realiza activitati specifice (initializarea retelei P2P, adaugarea de noi noduri in retea,...)
        - Ideal, nodurile participa activ si unilateral la realizarea de operatii ca localizarea & caching-ul nodurilor/continutului, dirijarea informatiilor, managementul resurselor transferate etc.
        - Abilitatea de a trata instabilitatea si variatiile conectivitatii retelei, adaptindu-se automat la erorile survenite sau la dinamicitatea nodurilor.
        - Topologia retelei P2P e adaptiva si toleranta la defect, nodurile auto- organizindu-se in vederea mentinerii conectivitatii si performantei retelei
        - Reteaua P2P este o suprapusa (overlay) peste cea fizica","Definiții
Un sistem distribuit (computing distribuit) - sistem cu mai multe componente amplasate pe mașini diferite care comunică și coordonează acțiunile pentru a apărea ca un singur sistem coerent pentru utilizatorul final.
Sistemul distribuit este o aplicație care execută o colecție de protocoale pentru a coordona acțiunile mai multor procese dintr-o rețea de comunicații, astfel încât toate componentele să coopereze împreună pentru a efectua un singur set sau un mic set de sarcini conexe.
Sisteme distribuite: Componente situate la calculatoarele din rețea care comunică și se coordonează prin transmiterea de mesaje între ele.
„Un sistem distribuit este unul în care defecțiunea unui computer despre care nici măcar nu știai că există poate face propriul tău computer inutilizabil.” -- Leslie Lampport
Un sistem distribuit este o colecție de elemente de calcul autonome care apar utilizatorilor săi ca un singur sistem coerent.
„Programarea distribuită este arta de a rezolva aceeași problemă pe care o poți rezolva pe un singur computer folosind mai multe computere.”
Sisteme de fișiere distribuite
Sistemul de fișiere distribuit permite accesarea fișierelor folosind aceleași interfețe și semantică ca fișierele locale
Sistemul de fișiere în rețea (NFS)
Server Message Block (SMB)
Sistemul de fișiere distribuit Hadoop (HDFS)","Obiecte la distanță (obiecte distribuite)
Cum să o facă? apel de la distanță al metodei cu prize
Încărcarea claselor care sunt transmise – RMI oferă mecanisme prin care poate fi transmisă definiția unei clase sau datele corespunzătoare unui obiect.
Locația obiectelor de la distanță – pot fi utilizate diverse mecanisme pentru a obține referințe la obiecte la distanță.
Comunicarea cu obiecte la distanță – detaliile comunicării între obiectele la distanță sunt gestionate la nivelul infrastructurii RMI. Pentru programator, invocarea unei metode aparținând unui obiect la distanță este similară cu invocarea unei metode Java obișnuite.","Paradigma de comunicare
    • comunicarea intraprocesuala
                - partajarea datelor
                – suport de nivel scăzut pentru comunicarea între procese din sistemele distribuite, inclusiv primitive de transmitere a mesajelor, acces direct la API-ul oferit de protocoalele Internet (programare socket) și suport pentru comunicare multicast.
    • invocare de la distanță
                – reprezintă cea mai comună paradigmă de comunicare în sistemele distribuite, acoperind o gamă de tehnici bazate pe un schimb bidirecţional între entităţi comunicante şi care are ca rezultat apelarea unei operaţii, proceduri sau metode la distanţă (de obiecte);
    • comunicare indirectă
                – decuplare între emițători și receptori Inter-Process Communication - IPC
    • comunicarea între procese (IPC) este activitatea de partajare a datelor prin procese multiple și de obicei specializate, folosind protocoale de comunicare.
    • În mod obișnuit, aplicațiile care utilizează IPC sunt clasificate ca clienți și servere, unde clientul solicită date și serverul răspunde la solicitările clientului.
    • Multe aplicații au atât clienți, cât și servere ..Invocare la distanță
    • Apeluri de proceduri de la distanță (RPC) - procedurile din procesele de pe computere la distanță pot fi apelate ca și cum ar fi proceduri din spațiul local de adrese
    • Invocarea metodei de la distanță (RMI) - acceptă identitatea obiectului și capacitatea asociată de a trece identificatori de obiect ca parametri în apelurile de la distanță.
                • Un apel de procedură la distanță (RPC) permite unui program client să apeleze în mod transparent o procedură care rulează într-un proces server, eventual localizat pe un computer diferit de computerul clientului.
                • Invocarea metodei de la distanță (remote method invocation - RMI) este versiunea obiect Java a mecanismului RPC care permite obiectelor din diferite procese (diferite mașini virtuale), eventual pe diferite computere, să comunice prin invocări de metodă."
image,https://www.cs.colostate.edu/~cs551/Figures/Bully0.gif,https://www.datastax.com/sites/default/files/content/blog/blog-fix-0514.png,https://images.slideplayer.com/26/8776294/slides/slide_4.jpg,https://slideplayer.com/slide/3191451/11/images/6/Failure+Masking+Failure+masking+is+a+fault+tolerance+technique+that+hides+occurrence+of+failures+from+other+processes..jpg,https://habrastorage.org/getpro/habr/post_images/7f1/284/535/7f1284535a2742ab25912c32338d4529.png,https://upload.wikimedia.org/wikipedia/commons/thumb/5/55/Vector_Clock.svg/840px-Vector_Clock.svg.png,https://www.wut.de/pics/misc/e-58www-16-grus-000.gif,https://pimages.toolbox.com/wp-content/uploads/2022/01/12132236/Distributed-System.png,https://ecomputernotes.com/images/Archilecture-of-RMI.jpg,https://upload.wikimedia.org/wikipedia/commons/e/ef/ArchitectureCloudLinksSameSite.png
initialdescription,"Un proces poate declansa procedura de alegere a unui (nou) lider daca sesizeaza
indisponibilitatea coordonatorului (failed) sau dacă primeşte un mesaj de tipul Election.
Când se începe procesul de alegere, un proces trimite mesajul Election la toate
procesele cu un număr de identificare mai mare.","Replicarea permite ca informații ce provin de la una sau mai multe surse să poată fi distribuite către una sau mai multe ținte, cu propagarea consistentă a modificărilor intervenite la surse către țintele corespunzătoare.",Procese - entitățile care comunică într-un sistem distribuit sunt de obicei procese cuplate cu paradigme adecvate de comunicare între procese (noduri în rețelele de senzori); procesele sunt completate de fire de execuție - sunt punctele finale ale comunicării.,Acest lucru necesită adesea coordonarea proceselor pentru a ajunge la un consens sau a conveni asupra unor valori ale datelor necesare în timpul calculului.,O problemă fundamentală în sistemele de calcul distribuite și multi-agent este de a obține fiabilitatea globală a sistemului în prezența unui număr de procese defecte.,Evenimentele care constituie executarea unui algoritm centralizat formează   o mulțime total ordonată conform apariției lor temporale.Relația de ordonare temporală indusă asupra evenimentelor care constituie execuția unui anumit algoritm distribuit nu este o relație de ordine totală.,"Partajarea resurselor computationale prin interschimb direct si mai putin prin intermedieri oferite de o autoritate centralizata (server). bilitatea de a trata instabilitatea si variatiile conectivitatii retelei, adaptindu- se automat la erorile survenite sau la dinamicitatea nodurilor",Un sistem distribuit (computing distribuit) - sistem cu mai multe componente amplasate pe mașini diferite care comunică și coordonează acțiunile pentru a apărea ca un singur sistem coerent pentru utilizatorul final.,Comunicarea cu obiectele aflate la distanță – detaliile comunicării între obiectele aflate la distanță sunt tratate la nivelul infrastructurii RMI. Pentru programator invocarea unei metode ce aparține unui obiect aflat la distanță este similară cu invocarea unei metode Java obișnuite.,Comunicare între procese: partajare de date
nameen,Distributed algorithms,Replication and consistency,Architectural models,Fault tolerance,Consensus and agreement,Time in distributed systems,The P2P system,Introduction to distributed systems,Distributed Systems (RMI),Communication between processes
contenten,"Algorithms
• Clock Synchronization (ex: Berkeley, Cristian)
• Consistency (ex: 2PC Protocol)
• Consistency is the agreement between multiple nodes in a distributed
system to achieve a certain value (distrib.db).
• Distributed Consensus (ex: Paxos)
• Mutual Exclusion (ex: Lamport)
• Concurrent access of processes to a shared resource; shared variables
(semaphores) cannot be used in distrib.syst. but message passing
• Leader Election (Bully, Election Ring)
","Fault tolerance through replication Replication of objects in a network can be motivated by:
to increase data safety and availability (reliability/availability - to avoid a single point-of-failure)
Reliability: If one replica is unavailable or crashes, use another – Protect against corrupted data
for performance reasons
Performance: Scale with distributed system size (replicated web
servers) – Scaling in geographically distributed systems (web proxies)
fast access to data (bringing data closer to the place of processing, avoiding network delays)
""horizontal scaling"" - by distributing, replicating data and performing calculations in several nodes of the network (""vertical scaling"" - adding additional hard resources) Processing replication
                                                                                                                                                                                Replication is not only about data distribution, but also processing:
                                                                                                                                                                                replication affects a dataset (not just bd)
                                                                                                                                                                                data partition problems
                                                                                                                                                                                synchronization issues - the process by which updates from sources are captured, propagated, and reproduced to targets","      Architectural elements
   • Processes - the entities that communicate in a distributed system are typically processes coupled with appropriate interprocess communication paradigms (nodes in sensor networks); processes are supplemented by threads - are the endpoints of communication.
   • Objects - in distributed object-based approaches, a computation consists of a number of interacting objects representing natural units of decomposition for the given problem domain. Objects are accessed via interfaces, with an associated interface definition language (or IDL) providing a specification of the methods defined on an object.
   • Components - software component is a unit of composition with contractually specified interfaces and explicit context dependencies .
   • Web services - software application identified by a URI, whose interfaces and bindings are capable of being defined, described and discovered; supports direct interactions with other software agents via Internet- based protocols. Communication paradigms
                                                                                                                                                                                                                                        • interprocess communication
                                                                                                                                                                                                                                        – low-level support for communication between processes in distributed systems, including message-passing primitives, direct access to the API offered by Internet protocols (socket programming) and support for multicast communication.
                                                                                                                                                                                                                                        • remote invocation
                                                                                                                                                                                                                                        
                                                                                                                                                                                                                                        
                                                                                                                                                                                                                                                              
                                                                                                                                                                                                                                                                

","Fault, error, failure
Fail (ro: eșec) - a system is said to fail when it cannot meet its promises. – A system failure is an event that occurs when the delivered service deviates
from correct service.
An error (ro: eroare) is a part of a system's state that may lead to a failure. – An error is that part of the system state that may cause a subsequent failure: a
failure occurs when an error reaches the service interface and alters the service.
The cause of an error is called a fault (ro: defect).
– A fault is the adjudged or hypothesized cause of an error. It is associated with a
notion of defect.
– A fault originally causes an error within the state of one (or more) components, but system failure will not occur as long as the error does not reach the service interface of the system.
– System failure can be a fault to high layers."," A fundamental problem in distributed computing and multi-agent systems is to achieve overall system reliability in the presence of a number of faulty processes.
• This often requires coordinating processes to reach consensus, or agree on some data value that is needed during computation.
• Example applications of consensus include agreeing on what transactions to commit to a database in which order, state machine replication, and atomic broadcasts.
• Real-world applications often requiring consensus include cloud computing, clock synchronization, PageRank, opinion formation, smart power grids, state estimation, control of UAVs (and multiple robots/agents in general), load balancing, blockchain, and others. Replication
                                                                                                                                                                                                                                                                       • Computer systems are usually made fault tolerant through replication.
                                                                                                                                                                                                                                                                       • By replicating a service on multiple servers we make sure that if some replicas fail, the service can still be performed by the operational nodes.
                                                                                                                                                                                                                                                                       • However once a service is replicated, ensuring consistency among all the copies is not easy .
                                                                                                                                                                                                                                                                       ","Make examines the times the source and object files were modified
Normal:
If the source file input.c has time 2151 and the corresponding object file has time 2150, make recognizes the fact that input.c has changed since input.o was created, and thus input.c must be recompiled. If output.c has time 2144 and output.o has time 2145, no recompilation is necessary
De-sync:
If shortly after the real time 2144 output.c is modified on a machine with a backward clock, Make will not call the compiler. The resulting executable binary program will contain a mixture of object files from the old sources and the new sources. The global state of a distributed system is the union of the states of the individual processes.
                                                                                                                                                                                                                                              • Since the processes of a distributed system do not share memory, but communicate only through message exchanges, a process that wants to build a global state must infer the remote components of that state through message exchanges.
                                                                                                                                                                                                                                              • Thus, a fundamental problem in distributed computing is to ensure that a global state constructed in this way makes sense.","             Concepts of the P2P principle
    • Self-organizing, no central management
    • Resource sharing, e.g., files
    • Based on voluntary collaboration (e.g. Wikipedia)
    • Peers in P2P are all equal (more or less)
    • Large number of peers in the network
        P2P networks, like other distributed systems, have to solve a very complex problem of computer science: conflict resolution, or agreement.
        If two incompatible facts arrive at the same time, the system must have rules for determining which fact is considered correct.             Caracteristici P2P
    •Partajarea resurselor computationale prin interschimb direct si mai putin prin intermedieri oferite de o autoritate centralizata (server)
        - Serverele centralizate pot fi folosite insa pentru a realiza activitati specifice (initializarea retelei P2P, adaugarea de noi noduri in retea,...)
        - Ideal, nodurile participa activ si unilateral la realizarea de operatii ca localizarea & caching-ul nodurilor/continutului, dirijarea informatiilor, managementul resurselor transferate etc.
        - Abilitatea de a trata instabilitatea si variatiile conectivitatii retelei, adaptindu- se automat la erorile survenite sau la dinamicitatea nodurilor
        - Topologia retelei P2P e adaptiva si toleranta la defecte, nodurile auto- organizindu-se in vederea mentinerii conectivitatii si performantei retelei
        - Reteaua P2P este una suprapusa (overlay) peste cea fizica","Definitions 
A distributed system (distributed computing) - system with multiple components located on different machines that communicate and coordinate actions in order to appear as a single coherent system to the end-user. 
Distributed system is an application that executes a collection of protocols to coordinate the actions of multiple processes on a communication network, such that all components cooperate together to perform a single or small set of related tasks. 
Distributed systems: Components located at networked computers which communicate and coordinate by passing messages between them. 
""A distributed system is one in which the failure of a computer you didn't even know existed can render your own computer unusable."" -- Leslie Lamport 
A distributed system is a collection of autonomous computing elements that appears to its users as a single coherent system. 
“Distributed programming is the art of solving the same problem that you can solve on a single computer using multiple computers.” 
Distributed File Systems 
Distributed file system allows files to be accessed using the same interfaces and semantics as local files 
Network File System (NFS) 
Server Message Block (SMB)
Hadoop Distributed File System (HDFS) ","Remote Objects (distributed objects)
How to do it? remote method call with sockets
Loading classes that are passed – RMI provides mechanisms by which the definition of a class or the data corresponding to an object can be passed.
Remote object location – various mechanisms can be used to obtain references to remote objects.
Communication with remote objects – the details of communication between remote objects are handled at the RMI infrastructure level. For the programmer, invoking a method belonging to a remote object is similar to invoking a regular Java method.","Communication paradigms
    • interprocess communication
                - sharing data
                – low-level support for communication between processes in distributed systems, including message-passing primitives, direct access to the API offered by Internet protocols (socket programming) and support for multicast communication.
    • remote invocation
                – represents the most common communication paradigm in distributed systems, covering a range of techniques based on a two-way exchange between communicating entities and resulting in the calling of a remote operation, procedure or method (of objects);
    • indirect communication
                – decoupling between senders and receivers Inter-Process Communication - IPC
    • inter-process communication (IPC) is the activity of sharing data across multiple and commonly specialized processes using communication protocols.
    • Typically, applications using IPC are categorized as clients and servers, where the client requests data and the server responds to client requests.
    • Many applications have both clients and servers ..Remote Invocation
    • Remote procedure calls (RPC) - procedures in processes on remote computers can be called as if they are procedures in the local address space
    • Remote method invocation (RMI) - supporting object identity and the associated ability to pass object identifiers as parameters in remote calls.
                • A remote procedure call (RPC) allows a client program to transparently call a procedure running in a server process, possibly located on a computer different from the client's computer.
                • Remote method invocation (remote method invocation - RMI) is the Java object version of the RPC mechanism that allows objects in different processes (different virtual machines), possibly on different computers, to communicate through method invocations."
initialdescriptionen,"A process can trigger the procedure for electing a (new) leader if it reports
unavailability of the coordinator (failed) or if he receives an Election type message.
When the election process is started, one process sends the Election message to all
processes with a higher identification number.","Replication allows information originating from one or more sources to be distributed to one or more targets, with consistent propagation of changes made to the sources to the corresponding targets.",Processes - the entities that communicate in a distributed system are typically processes coupled with appropriate interprocess communication paradigms (nodes in sensor networks); processes are supplemented by threads - are the endpoints of communication.,This often requires coordinating processes to reach consensus or agree on data values ​​needed during computation.,"A fundamental problem in distributed computing and multi-agent systems is to achieve overall system reliability in the presence of a number of faulty processes.
This often requires coordinating processes to reach consensus, or agree on some data value that is needed during computation.",The events that constitute the execution of a centralized algorithm form a totally ordered set according to their temporal occurrence. The temporal ordering relation induced on the events that constitute the execution of a certain distributed algorithm is not a totally ordered relation.,"The sharing of computational resources through direct exchange and less through intermediaries offered by a centralized authority (server). the ability to deal with the instability and variations of the network connectivity, automatically adapting to the errors that occur or to the dynamism of the nodes",A distributed system (distributed computing) - system with multiple components located on different machines that communicate and coordinate actions in order to appear as a single coherent system to the end-user.,"Communication with remote objects – the details of communication between remote objects are handled at the RMI infrastructure level. For the programmer, invoking a method belonging to a remote object is similar to invoking a regular Java method.", suport la nivel scăzut pentru comunicarea între procese în sistemele distribuite
